{
    "keyFrames": [
        {
            "angles": [
                0.0,
                0.0651880475619882,
                -0.07775441817634739,
                0.03926990816987242,
                0.41626102660064757,
                -0.8246680715673198,
                0.26232298657474773,
                -0.2222676802414779,
                0.0,
                0.0,
                0.07618362184955249,
                0.07853981633974483,
                -0.43196898986859655,
                -0.07932521450314228,
                0.05105088062083415,
                -0.14372786390173306,
                0.0,0.0
            ],
            "time": 0.0,
            "xOffset": 0.0,
            "yOffset": 0.0
        },
        {
            "angles": [
                0.0,
                0.0651880475619882,
                -0.07775441817634739,
                0.03926990816987242,
                0.41626102660064757,
                -0.8246680715673198,
                0.26232298657474773,
                -0.2222676802414779,
                0.0,
                0.0,
                -0.04241150082346221,
                0.19713493901275952,
                -0.4955862411037896,
                -0.15865042900628457,
                0.05105088062083415,
                -0.14372786390173306,
                0.0,0.0
            ],
            "time": 0.5,
            "xOffset": -11.599999999999998,
            "yOffset": 0.0
        },
        {
            "angles": [
                0.0,
                0.0651880475619882,
                -0.07775441817634739,
                0.03926990816987242,
                0.41626102660064757,
                -0.8246680715673198,
                0.26232298657474773,
                -0.2222676802414779,
                0.0,
                0.0,
                0.07618362184955249,
                0.07853981633974483,
                -0.43196898986859655,
                -0.07932521450314228,
                0.05105088062083415,
                -0.14372786390173306,
                0.0,0.0
            ],
            "time": 1.0,
            "xOffset": 0.0,
            "yOffset": 0.0
        }
    ],
    "loop": true,
    "name": "idle"
}