{
    "keyFrames": [
        {
            "angles": [
                0.0,
                0.0651880475619882,
                -0.07775441817634739,
                0.03926990816987242,
                0.41626102660064757,
                -0.8246680715673198,
                0.26232298657474773,
                -0.2222676802414779,
                0.0,
                0.0,
                0.07618362184955249,
                0.07853981633974483,
                -0.43196898986859655,
                -0.07932521450314228,
                0.05105088062083415,
                -0.14372786390173306,
                0.0,0.0
            ],
            "time": 0.0,
            "xOffset": 0.0,
            "yOffset": 0.0
        },
        {
            "angles": [
                -0.8647233779005898,
                0.3267256359733385,
                0.1971349390127595,
                0.03926990816987242,
                0.6251769380643685,
                -0.4319689898685961,
                -0.11780972450961726,
                -0.9691813336324505,
                -0.3675663404700058,
                0.0,
                0.7846127652340503,
                0.19713493901275952,
                -0.4955862411037896,
                -0.7767587836000758,
                0.05105088062083415,
                -0.14372786390173306,
                0.0,0.0
            ],
            "time": 0.469,
            "xOffset": -44.800000000000004,
            "yOffset": 0.0
        },
        {
            "angles": [
                0.0,
                0.0651880475619882,
                -0.07775441817634739,
                0.03926990816987242,
                0.41626102660064757,
                -0.8246680715673198,
                0.26232298657474773,
                -0.2222676802414779,
                0.0,
                0.0,
                0.07618362184955249,
                0.07853981633974483,
                -0.43196898986859655,
                -0.07932521450314228,
                0.05105088062083415,
                -0.14372786390173306,
                0.0,0.0
            ],
            "time": 1.0,
            "xOffset": 0.0,
            "yOffset": 0.0
        }
    ],
    "loop": true,
    "name": "skirt test"
}