{
    "keyFrames": [
        {
            "angles": [
                0.0,
                0.0651880475619882,
                -0.07775441817634739,
                0.03926990816987242,
                0.41626102660064757,
                -0.8246680715673198,
                0.26232298657474773,
                -0.2222676802414779,
                0.0,
                0.0,
                0.07618362184955249,
                0.07853981633974483,
                -0.43196898986859655,
                -0.07932521450314228,
                0.8105309046261657,
                -0.14372786390173306,
                0.0,
                0.0
            ],
            "time": 0.0,
            "xOffset": 0.0,
            "yOffset": 0.0
        },
        {
            "angles": [
                0.0,
                0.0651880475619882,
                -0.07775441817634739,
                0.03926990816987242,
                -0.0691150383789755,
                -0.8246680715673198,
                0.26232298657474773,
                0.1319468914507713,
                0.0,
                0.0,
                0.35107297903865936,
                0.23561944901923448,
                -0.43196898986859655,
                -0.6675884388878306,
                0.8890707209659103,
                -0.9149888603580262,
                0.0,
                0.0
            ],
            "time": 0.2159999999999993,
            "xOffset": 0.0,
            "yOffset": 14.999999999999998
        },
        {
            "angles": [
                0.0,
                0.0651880475619882,
                -0.07775441817634739,
                0.03926990816987242,
                0.41626102660064757,
                -0.8246680715673198,
                0.26232298657474773,
                -0.2222676802414779,
                0.0,
                0.0,
                -0.3738495257771854,
                1.205586180815083,
                -0.43196898986859655,
                -0.07264933011426372,
                0.10406525665016131,
                -0.5293583621298796,
                0.0,
                0.0
            ],
            "time": 0.382999999999999,
            "xOffset": 0.0,
            "yOffset": 0.0
        },
        {
            "angles": [
                0.0,
                0.0651880475619882,
                -0.07775441817634739,
                0.03926990816987242,
                0.7571238295151393,
                -0.8246680715673198,
                0.26232298657474773,
                -0.4052654523130833,
                -0.2615375884113503,
                0.0,
                -0.33183072403542196,
                0.07264933011426344,
                -0.43196898986859655,
                0.3292781800043803,
                0.07755806863549773,
                -0.33654311301580636,
                0.0,
                0.0
            ],
            "time": 0.615499999999999,
            "xOffset": 0.0,
            "yOffset": 8.3
        },
        {
            "angles": [
                0.0,
                0.0651880475619882,
                -0.07775441817634739,
                0.03926990816987242,
                0.41626102660064757,
                -0.8246680715673198,
                0.26232298657474773,
                -0.2222676802414779,
                0.0,
                0.0,
                0.07618362184955249,
                0.07853981633974483,
                -0.43196898986859655,
                -0.07932521450314228,
                0.8105309046261657,
                -0.14372786390173306,
                0.0,
                0.0
            ],
            "time": 0.7995000000000009,
            "xOffset": 0.0,
            "yOffset": 0.0
        }
    ],
    "loop": true,
    "name": "walk"
}